sku,name,description,price
001,basic black product,this is a product in the basic black store,100
002,basic black product,this is a product in the basic black store,101
003,basic black product,this is a product in the basic black store,102
004,basic black product,this is a product in the basic black store,103
005,basic black product,this is a product in the basic black store,104
006,basic black product,this is a product in the basic black store,105
007,basic black product,this is a product in the basic black store,106
008,basic black product,this is a product in the basic black store,107
009,basic black product,this is a product in the basic black store,108
010,basic black product,this is a product in the basic black store,109
011,basic black product,this is a product in the basic black store,110
012,basic black product,this is a product in the basic black store,111
013,basic black product,this is a product in the basic black store,112
014,basic black product,this is a product in the basic black store,113
015,basic black product,this is a product in the basic black store,114
016,basic black product,this is a product in the basic black store,115
017,basic black product,this is a product in the basic black store,116
018,basic black product,this is a product in the basic black store,117
019,basic black product,this is a product in the basic black store,118
020,basic black product,this is a product in the basic black store,119
021,basic black product,this is a product in the basic black store,120
022,basic black product,this is a product in the basic black store,121
023,basic black product,this is a product in the basic black store,122
024,basic black product,this is a product in the basic black store,123
025,basic black product,this is a product in the basic black store,124
026,basic black product,this is a product in the basic black store,125
027,basic black product,this is a product in the basic black store,126
028,basic black product,this is a product in the basic black store,127
029,basic black product,this is a product in the basic black store,128
030,basic black product,this is a product in the basic black store,129
031,basic black product,this is a product in the basic black store,130
032,basic black product,this is a product in the basic black store,131
033,basic black product,this is a product in the basic black store,132
034,basic black product,this is a product in the basic black store,133
035,basic black product,this is a product in the basic black store,134
036,basic black product,this is a product in the basic black store,135
037,basic black product,this is a product in the basic black store,136
038,basic black product,this is a product in the basic black store,137
039,basic black product,this is a product in the basic black store,138
040,basic black product,this is a product in the basic black store,139
041,basic black product,this is a product in the basic black store,140
042,basic black product,this is a product in the basic black store,141
043,basic black product,this is a product in the basic black store,142
044,basic black product,this is a product in the basic black store,143
045,basic black product,this is a product in the basic black store,144
046,basic black product,this is a product in the basic black store,145
047,basic black product,this is a product in the basic black store,146
048,basic black product,this is a product in the basic black store,147
049,basic black product,this is a product in the basic black store,148
050,basic black product,this is a product in the basic black store,149
051,basic black product,this is a product in the basic black store,150
052,basic black product,this is a product in the basic black store,151
053,basic black product,this is a product in the basic black store,152
054,basic black product,this is a product in the basic black store,153
055,basic black product,this is a product in the basic black store,154
056,basic black product,this is a product in the basic black store,155
057,basic black product,this is a product in the basic black store,156
058,basic black product,this is a product in the basic black store,157
059,basic black product,this is a product in the basic black store,158
060,basic black product,this is a product in the basic black store,159
061,basic black product,this is a product in the basic black store,160
062,basic black product,this is a product in the basic black store,161
063,basic black product,this is a product in the basic black store,162
064,basic black product,this is a product in the basic black store,163
065,basic black product,this is a product in the basic black store,164
066,basic black product,this is a product in the basic black store,165
067,basic black product,this is a product in the basic black store,166
068,basic black product,this is a product in the basic black store,167
069,basic black product,this is a product in the basic black store,168
070,basic black product,this is a product in the basic black store,169
071,basic black product,this is a product in the basic black store,170
072,basic black product,this is a product in the basic black store,171
073,basic black product,this is a product in the basic black store,172
074,basic black product,this is a product in the basic black store,173
075,basic black product,this is a product in the basic black store,174
076,basic black product,this is a product in the basic black store,175
077,basic black product,this is a product in the basic black store,176
078,basic black product,this is a product in the basic black store,177
079,basic black product,this is a product in the basic black store,178
080,basic black product,this is a product in the basic black store,179
081,basic black product,this is a product in the basic black store,180
082,basic black product,this is a product in the basic black store,181
083,basic black product,this is a product in the basic black store,182
084,basic black product,this is a product in the basic black store,183
085,basic black product,this is a product in the basic black store,184
086,basic black product,this is a product in the basic black store,185
087,basic black product,this is a product in the basic black store,186
088,basic black product,this is a product in the basic black store,187
089,basic black product,this is a product in the basic black store,188
090,basic black product,this is a product in the basic black store,189
091,basic black product,this is a product in the basic black store,190
092,basic black product,this is a product in the basic black store,191
093,basic black product,this is a product in the basic black store,192
094,basic black product,this is a product in the basic black store,193
095,basic black product,this is a product in the basic black store,194
096,basic black product,this is a product in the basic black store,195
097,basic black product,this is a product in the basic black store,196
098,basic black product,this is a product in the basic black store,197
099,basic black product,this is a product in the basic black store,198
100,basic black product,this is a product in the basic black store,199
101,basic black product,this is a product in the basic black store,200
102,basic black product,this is a product in the basic black store,201
103,basic black product,this is a product in the basic black store,202
104,basic black product,this is a product in the basic black store,203
105,basic black product,this is a product in the basic black store,204
106,basic black product,this is a product in the basic black store,205
107,basic black product,this is a product in the basic black store,206
108,basic black product,this is a product in the basic black store,207
109,basic black product,this is a product in the basic black store,208
110,basic black product,this is a product in the basic black store,209
111,basic black product,this is a product in the basic black store,210
112,basic black product,this is a product in the basic black store,211
113,basic black product,this is a product in the basic black store,212
114,basic black product,this is a product in the basic black store,213
115,basic black product,this is a product in the basic black store,214
116,basic black product,this is a product in the basic black store,215
117,basic black product,this is a product in the basic black store,216
118,basic black product,this is a product in the basic black store,217
119,basic black product,this is a product in the basic black store,218
120,basic black product,this is a product in the basic black store,219
121,basic black product,this is a product in the basic black store,220
122,basic black product,this is a product in the basic black store,221
123,basic black product,this is a product in the basic black store,222
124,basic black product,this is a product in the basic black store,223
125,basic black product,this is a product in the basic black store,224
126,basic black product,this is a product in the basic black store,225
127,basic black product,this is a product in the basic black store,226
128,basic black product,this is a product in the basic black store,227
129,basic black product,this is a product in the basic black store,228
130,basic black product,this is a product in the basic black store,229
131,basic black product,this is a product in the basic black store,230
132,basic black product,this is a product in the basic black store,231
133,basic black product,this is a product in the basic black store,232
134,basic black product,this is a product in the basic black store,233
135,basic black product,this is a product in the basic black store,234
136,basic black product,this is a product in the basic black store,235
137,basic black product,this is a product in the basic black store,236
138,basic black product,this is a product in the basic black store,237
139,basic black product,this is a product in the basic black store,238
140,basic black product,this is a product in the basic black store,239
141,basic black product,this is a product in the basic black store,240
142,basic black product,this is a product in the basic black store,241
143,basic black product,this is a product in the basic black store,242
144,basic black product,this is a product in the basic black store,243
145,basic black product,this is a product in the basic black store,244
146,basic black product,this is a product in the basic black store,245
147,basic black product,this is a product in the basic black store,246
148,basic black product,this is a product in the basic black store,247
149,basic black product,this is a product in the basic black store,248
150,basic black product,this is a product in the basic black store,249
151,basic black product,this is a product in the basic black store,250
152,basic black product,this is a product in the basic black store,251
153,basic black product,this is a product in the basic black store,252
154,basic black product,this is a product in the basic black store,253
155,basic black product,this is a product in the basic black store,254
156,basic black product,this is a product in the basic black store,255
157,basic black product,this is a product in the basic black store,256
158,basic black product,this is a product in the basic black store,257
159,basic black product,this is a product in the basic black store,258
160,basic black product,this is a product in the basic black store,259
161,basic black product,this is a product in the basic black store,260
162,basic black product,this is a product in the basic black store,261
163,basic black product,this is a product in the basic black store,262
164,basic black product,this is a product in the basic black store,263
165,basic black product,this is a product in the basic black store,264
166,basic black product,this is a product in the basic black store,265
167,basic black product,this is a product in the basic black store,266
168,basic black product,this is a product in the basic black store,267
169,basic black product,this is a product in the basic black store,268
170,basic black product,this is a product in the basic black store,269
171,basic black product,this is a product in the basic black store,270
172,basic black product,this is a product in the basic black store,271
173,basic black product,this is a product in the basic black store,272
174,basic black product,this is a product in the basic black store,273
175,basic black product,this is a product in the basic black store,274
176,basic black product,this is a product in the basic black store,275
177,basic black product,this is a product in the basic black store,276
178,basic black product,this is a product in the basic black store,277
179,basic black product,this is a product in the basic black store,278
180,basic black product,this is a product in the basic black store,279
181,basic black product,this is a product in the basic black store,280
182,basic black product,this is a product in the basic black store,281
183,basic black product,this is a product in the basic black store,282
184,basic black product,this is a product in the basic black store,283
185,basic black product,this is a product in the basic black store,284
186,basic black product,this is a product in the basic black store,285
187,basic black product,this is a product in the basic black store,286
188,basic black product,this is a product in the basic black store,287
189,basic black product,this is a product in the basic black store,288
190,basic black product,this is a product in the basic black store,289
191,basic black product,this is a product in the basic black store,290
192,basic black product,this is a product in the basic black store,291
193,basic black product,this is a product in the basic black store,292
194,basic black product,this is a product in the basic black store,293
195,basic black product,this is a product in the basic black store,294
196,basic black product,this is a product in the basic black store,295
197,basic black product,this is a product in the basic black store,296
198,basic black product,this is a product in the basic black store,297
199,basic black product,this is a product in the basic black store,298
200,basic black product,this is a product in the basic black store,299
201,basic black product,this is a product in the basic black store,300
202,basic black product,this is a product in the basic black store,301
203,basic black product,this is a product in the basic black store,302
204,basic black product,this is a product in the basic black store,303
205,basic black product,this is a product in the basic black store,304
206,basic black product,this is a product in the basic black store,305
207,basic black product,this is a product in the basic black store,306
208,basic black product,this is a product in the basic black store,307
209,basic black product,this is a product in the basic black store,308
210,basic black product,this is a product in the basic black store,309
211,basic black product,this is a product in the basic black store,310
212,basic black product,this is a product in the basic black store,311
213,basic black product,this is a product in the basic black store,312
214,basic black product,this is a product in the basic black store,313
215,basic black product,this is a product in the basic black store,314
216,basic black product,this is a product in the basic black store,315
217,basic black product,this is a product in the basic black store,316
218,basic black product,this is a product in the basic black store,317
219,basic black product,this is a product in the basic black store,318
220,basic black product,this is a product in the basic black store,319
221,basic black product,this is a product in the basic black store,320
222,basic black product,this is a product in the basic black store,321
223,basic black product,this is a product in the basic black store,322
224,basic black product,this is a product in the basic black store,323
225,basic black product,this is a product in the basic black store,324
226,basic black product,this is a product in the basic black store,325
227,basic black product,this is a product in the basic black store,326
228,basic black product,this is a product in the basic black store,327
229,basic black product,this is a product in the basic black store,328
230,basic black product,this is a product in the basic black store,329
231,basic black product,this is a product in the basic black store,330